"visit_id","nb_actions","uid","campaign","actions","queries","median_time_diff"
"10199862810",2,1053,1,1,5,8
"10219041924",3,244,8,2,5,7.5
"10346637545",2,745,10,1,4,7
"10427993218",3,95,6,2,3,4.5
"10441154073",3,324,8,2,5,4
"10485842186",3,431,7,2,1,4.5
"10497920990",2,823,3,1,2,8
"10602001440",2,177,9,1,1,7
"10907131699",3,966,8,2,5,5.5
"10954002263",2,641,2,1,4,5
"1097758223",4,196,9,3,1,9
"10997385453",3,183,7,2,1,9
"1101067381",4,362,1,3,5,4
"11055528989",3,70,9,2,1,7.5
"11092148080",2,580,8,1,5,4
"11162617904",2,128,7,1,1,1
"11428883192",4,166,9,3,1,4
"11459544937",2,658,1,1,5,2
"1190829796",3,116,6,2,3,5
"1191433828",4,346,1,3,5,5
"12119332951",4,939,1,3,5,6
"12148216422",2,415,1,1,5,4
"12160456931",4,871,1,3,5,9
"12250719492",3,690,8,2,5,4.5
"1231735559",2,907,8,1,5,6
"12329161374",4,1023,7,3,1,5
"12366175497",4,856,9,3,1,7
"12471005604",4,944,5,3,2,2
"12471599206",3,850,10,2,4,4.5
"12481717759",2,457,8,1,5,1
"12549264203",2,458,7,1,1,6
"12554697075",2,869,9,1,1,10
"1257033750",2,873,1,1,5,3
"12591614267",4,119,8,3,5,2
"12713665928",2,87,8,1,5,10
"1278781813",4,374,7,3,1,10
"12830944298",3,777,1,2,5,8.5
"12882738122",2,713,2,1,4,6
"13023078380",4,852,7,3,1,5
"13292681765",2,1001,5,1,2,10
"1329578294",4,1022,8,3,5,3
"13425591075",3,641,8,2,5,5
"13450579670",2,796,9,1,1,5
"13560889419",3,848,10,2,4,9
"13561642113",4,632,1,3,5,3
"13561848440",3,1025,10,2,4,3
"1360706230",2,137,7,1,1,5
"13753498958",4,216,1,3,5,5
"13756400474",2,903,8,1,5,2
"13861553755",4,287,1,3,5,8
"13953428355",4,126,9,3,1,7
"14038797486",2,478,1,1,5,8
"14048365849",3,997,9,2,1,4.5
"14127455801",3,997,8,2,5,9
"14203159997",3,807,4,2,3,6
"14227335610",4,816,2,3,4,8
"14289319285",3,1025,1,2,5,6.5
"14335838163",4,875,1,3,5,3
"14424417861",4,199,9,3,1,6
"14454022166",2,212,10,1,4,1
"14466391484",4,519,8,3,5,4
"1454041021",4,897,1,3,5,3
"14573957407",3,791,8,2,5,9
"14607476025",2,408,3,1,2,5
"14646953584",4,789,6,3,3,5
"14753348235",3,643,1,2,5,4.5
"14789478152",4,144,8,3,5,7
"14821261883",4,372,9,3,1,6
"14881736615",2,919,5,1,2,9
"14912344950",2,941,7,1,1,5
"15022861408",3,523,6,2,3,4.5
"15142028959",4,642,1,3,5,6
"15153500149",2,869,9,1,1,4
"15158447197",3,452,7,2,1,6
"1517508289",3,91,9,2,1,9
"15200932205",2,576,1,1,5,6
"15317984933",3,831,8,2,5,7.5
"15396438474",4,819,1,3,5,4
"15408690681",3,250,1,2,5,3
"15409081767",2,475,9,1,1,9
"15410499868",4,217,7,3,1,4
"15449121757",4,412,8,3,5,5
"15486514459",2,854,7,1,1,9
"15575693324",4,8,9,3,1,6
"15661942919",4,558,1,3,5,8
"15678417443",4,868,7,3,1,5
"15683314325",2,614,10,1,4,8
"15783752079",4,520,7,3,1,4
"15833902960",4,171,1,3,5,2
"15889612172",3,475,7,2,1,9
"15924926700",3,503,10,2,4,5.5
"15930159678",3,878,1,2,5,5
"15937008302",4,23,5,3,2,4
"15954634466",3,763,1,2,5,7.5
"15971332638",2,455,1,1,5,7
"15973245375",4,604,7,3,1,4
"15986951073",4,880,7,3,1,9
"16016256480",4,675,8,3,5,6
"16020570438",2,489,9,1,1,9
"1628771909",3,145,8,2,5,2
"1630399780",2,932,7,1,1,7
"16409666885",3,945,7,2,1,4.5
"16475314433",2,842,2,1,4,6
"16485441007",2,290,1,1,5,8
"16575557113",2,494,7,1,1,10
"16610836271",3,732,7,2,1,5.5
"16752725826",4,625,4,3,3,7
"16772007730",3,567,8,2,5,6
"16797798167",2,724,8,1,5,7
"16811564792",2,415,7,1,1,1
"16817309467",4,860,8,3,5,7
"16952679743",3,1021,7,2,1,7
"16993927015",4,383,8,3,5,8
"17101787114",3,326,1,2,5,3
"17226481991",3,269,10,2,4,4
"17368387611",2,788,9,1,1,3
"17375031689",3,615,8,2,5,8
"17486001009",3,709,9,2,1,2
"17637828540",4,259,7,3,1,6
"17790375963",3,911,1,2,5,3.5
"17822564786",4,634,1,3,5,9
"1782531013",4,233,9,3,1,5
"17888931546",2,210,1,1,5,6
"18018295266",3,102,1,2,5,4
"18050996218",2,45,5,1,2,2
"18063298347",2,1004,7,1,1,10
"18068286030",4,37,6,3,3,9
"18096188857",2,938,1,1,5,3
"18127273607",4,522,4,3,3,6
"181961350",3,238,6,2,3,8
"18201298744",3,49,3,2,2,6.5
"18429625664",4,682,7,3,1,4
"18490269016",2,637,6,1,3,6
"18512191081",3,498,1,2,5,7
"1852429593",2,1052,9,1,1,10
"18673842867",2,748,1,1,5,9
"18733050823",3,874,1,2,5,2.5
"18739426119",4,899,9,3,1,4
"18745230903",4,119,1,3,5,8
"18780023191",4,916,3,3,2,5
"18837453957",4,648,1,3,5,4
"18928623051",3,229,1,2,5,9.5
"18976537324",2,401,8,1,5,6
"18990868257",2,786,1,1,5,4
"19028138124",4,532,8,3,5,4
"19060980450",2,1038,6,1,3,6
"19182306937",2,881,8,1,5,4
"19265369668",2,948,7,1,1,4
"19272856153",3,1055,6,2,3,6.5
"19281456366",3,857,9,2,1,5
"19409269608",4,406,9,3,1,6
"19434590260",2,704,8,1,5,4
"19491987852",4,938,9,3,1,4
"19565881324",2,246,3,1,2,10
"19642350593",3,240,7,2,1,7.5
"19716172159",3,555,7,2,1,6
"19786480478",3,444,1,2,5,6
"19788482753",3,810,8,2,5,8
"19853514854",3,354,8,2,5,4
"19897863536",2,755,8,1,5,7
"20016805295",2,485,2,1,4,3
"20039852567",2,983,1,1,5,1
"20047067359",4,272,9,3,1,3
"20101935702",2,826,7,1,1,7
"20208475243",4,307,8,3,5,4
"20219875390",3,137,7,2,1,4.5
"20377723383",3,920,2,2,4,5
"20437921342",4,176,2,3,4,8
"20439151284",3,392,8,2,5,6.5
"20526944409",3,801,8,2,5,2
"20573206669",3,363,4,2,3,9.5
"20696650105",2,972,8,1,5,4
"20699730665",2,577,10,1,4,3
"2074164974",3,312,9,2,1,5.5
"20788109361",3,993,1,2,5,4.5
"20795293667",3,886,1,2,5,6.5
"20906115091",4,679,8,3,5,5
"20931814421",4,283,2,3,4,6
"20972975098",2,112,7,1,1,6
"21000969608",2,699,3,1,2,2
"21066863063",2,602,8,1,5,4
"21198988438",2,133,7,1,1,5
"21361243708",3,570,2,2,4,3.5
"21464886809",2,183,9,1,1,8
"21489032378",4,569,4,3,3,8
"21523410616",3,670,1,2,5,6.5
"21539878985",3,567,5,2,2,6.5
"21562664313",4,159,9,3,1,6
"21730315785",2,768,7,1,1,4
"21734153298",3,39,9,2,1,5.5
"21806835014",3,127,7,2,1,7.5
"21837212839",2,42,9,1,1,9
"21938534261",2,575,6,1,3,1
"2194386144",3,506,1,2,5,6
"21956152087",3,717,8,2,5,7
"22032612451",4,400,8,3,5,8
"22156216570",3,743,9,2,1,8
"22219724219",2,660,1,1,5,5
"222318380",4,583,1,3,5,4
"22263736206",4,47,3,3,2,4
"22326528287",2,937,6,1,3,1
"22338108332",2,847,8,1,5,10
"22516762473",4,331,8,3,5,4
"22525021202",3,507,1,2,5,10
"22543831287",2,414,1,1,5,4
"22594832210",4,288,6,3,3,2
"22686939777",4,529,1,3,5,4
"22830314511",4,703,9,3,1,7
"22937930675",2,111,2,1,4,1
"2294367962",2,262,8,1,5,9
"23038290423",4,138,9,3,1,5
"23145113458",4,685,10,3,4,10
"23163525839",4,107,8,3,5,8
"23168416557",3,571,8,2,5,1.5
"23187415083",2,14,8,1,5,2
"23314844823",3,163,9,2,1,1.5
"23335033338",3,1032,9,2,1,4.5
"23357222675",2,122,8,1,5,8
"2344412823",3,13,6,2,3,7
"23497501876",3,259,1,2,5,7.5
"23688997985",3,916,8,2,5,3.5
"23725340327",4,511,8,3,5,5
"23849719493",4,645,1,3,5,7
"23953176038",2,470,2,1,4,9
"23997910087",2,184,6,1,3,7
"24075086815",4,627,1,3,5,7
"24260834697",3,349,7,2,1,4.5
"24262472480",2,663,1,1,5,6
"24296457316",3,111,8,2,5,6
"24370634297",4,16,6,3,3,7
"24423376612",2,147,10,1,4,9
"24474013029",3,683,10,2,4,8
"2448189162",4,442,2,3,4,6
"24732914526",4,499,7,3,1,7
"24740562363",2,218,7,1,1,3
"24849823617",3,724,7,2,1,10
"24854609683",4,873,7,3,1,7
"24995110929",2,178,9,1,1,5
"25153276440",4,695,1,3,5,7
"25191165897",2,1024,8,1,5,4
"2525865331",3,487,8,2,5,5.5
"25345706353",3,738,2,2,4,8
"25502626326",4,793,3,3,2,9
"25506746590",2,182,1,1,5,7
"25540916787",2,737,1,1,5,4
"25655630446",3,769,10,2,4,5.5
"25700868923",2,591,7,1,1,9
"25802278999",3,227,7,2,1,3
"25805922739",2,160,10,1,4,5
"25846968451",3,960,1,2,5,8
"25893901896",3,75,1,2,5,3.5
"25917492807",4,471,10,3,4,6
"25951473361",2,148,8,1,5,10
"26111744536",4,780,3,3,2,7
"26155142470",2,767,9,1,1,9
"2616067669",3,62,3,2,2,9
"26167891101",3,665,8,2,5,4
"26206078939",3,368,7,2,1,7.5
"26209306134",3,1022,5,2,2,4.5
"26335303004",3,45,9,2,1,4
"26703394781",3,909,8,2,5,5
"26713469242",3,987,8,2,5,7.5
"26749845580",3,669,2,2,4,7
"26767866197",4,971,7,3,1,6
"26840324919",2,433,10,1,4,3
"26959285250",3,562,5,2,2,6.5
"27036858461",2,101,10,1,4,1
"27044918659",3,799,10,2,4,4
"27128461788",4,606,3,3,2,7
"27239445824",2,39,9,1,1,7
"2730859107",4,253,4,3,3,5
"27362367149",4,613,1,3,5,5
"2737836770",4,494,4,3,3,8
"27411553207",2,419,9,1,1,6
"27504024647",4,130,1,3,5,3
"27562743143",2,971,3,1,2,7
"27675200638",4,574,7,3,1,5
"27756846757",2,892,10,1,4,1
"27818860207",3,85,7,2,1,6
"27830416776",2,421,8,1,5,9
"27851686214",2,760,7,1,1,10
"27955113862",2,79,1,1,5,9
"27973833623",4,597,9,3,1,4
"28022720608",2,251,8,1,5,1
"28055218144",3,766,1,2,5,5
"28144792416",3,563,9,2,1,9
"28156239748",4,355,6,3,3,4
"28165190576",4,1008,7,3,1,9
"28172115906",3,672,2,2,4,6
"28207747169",4,468,6,3,3,2
"28214256589",3,397,1,2,5,3.5
"28321090198",3,671,1,2,5,6.5
"28392040756",3,179,1,2,5,3.5
"28396349222",4,317,2,3,4,4
"28420082606",3,933,8,2,5,3.5
"28473662145",3,385,9,2,1,7
"28475081803",3,289,8,2,5,5.5
"28529252996",2,1042,7,1,1,8
"28628809664",3,622,4,2,3,4
"28663941995",3,853,7,2,1,6.5
"28665618698",3,792,8,2,5,7
"28917962983",2,650,1,1,5,10
"28975188083",3,650,1,2,5,7
"29057396101",3,530,1,2,5,8
"29063467506",4,88,8,3,5,6
"29162366883",4,628,9,3,1,6
"29223511756",3,257,1,2,5,5
"29256317581",2,992,9,1,1,7
"29352274414",3,236,1,2,5,5
"29359094737",2,547,7,1,1,1
"29376170424",2,766,1,1,5,5
"29503238687",3,391,9,2,1,10
"2952274735",2,739,3,1,2,2
"29559907904",4,901,4,3,3,5
"29570338651",4,213,8,3,5,4
"29606391945",4,271,2,3,4,4
"29649350270",2,360,8,1,5,8
"296760964",4,866,8,3,5,3
"29689247788",3,977,1,2,5,4.5
"29699506009",2,350,1,1,5,2
"29829090050",2,402,1,1,5,9
"29843157240",2,962,7,1,1,1
"29889689608",3,351,9,2,1,6
"29933770938",4,1045,7,3,1,6
"29981334671",4,867,1,3,5,3
"30092346594",4,762,9,3,1,5
"30161991361",3,1040,9,2,1,6.5
"30162836762",2,515,2,1,4,2
"30221889391",4,921,7,3,1,7
"30310194032",4,304,2,3,4,3
"30319096168",2,372,8,1,5,9
"30630341632",3,644,8,2,5,6.5
"30679267794",3,541,1,2,5,7
"30758520564",2,139,7,1,1,8
"30883126346",3,779,1,2,5,8.5
"30904892959",3,880,8,2,5,8.5
"30967510484",4,980,1,3,5,9
"3105601647",2,553,8,1,5,10
"31099792820",3,999,8,2,5,4
"31166570247",3,187,8,2,5,6.5
"31168352069",2,797,8,1,5,6
"31173369262",2,548,10,1,4,3
"31199895228",3,518,8,2,5,1
"31201994020",2,300,6,1,3,7
"31297481702",3,347,7,2,1,5
"31508875982",3,661,3,2,2,6
"31865399970",4,130,4,3,3,4
"31874998274",3,746,8,2,5,3
"31924973402",4,101,8,3,5,7
"3201172621",4,698,6,3,3,6
"32102621125",2,867,8,1,5,7
"32175042488",2,889,10,1,4,8
"3225760378",2,1052,9,1,1,10
"32293020978",2,357,3,1,2,3
"32321895059",4,640,6,3,3,6
"32322683993",4,164,1,3,5,9
"32335664593",4,581,10,3,4,1
"32429171793",2,124,9,1,1,7
"32507207527",2,404,3,1,2,1
"3250737066",3,701,2,2,4,1.5
"32559037327",3,60,5,2,2,1
"32570401505",3,492,4,2,3,7.5
"32588169348",3,805,10,2,4,8
"3265863668",4,257,1,3,5,7
"32732106331",3,765,1,2,5,7.5
"3282111272",3,396,8,2,5,4.5
"32832049207",2,418,9,1,1,3
"32857931371",4,639,10,3,4,7
"32931757487",3,541,8,2,5,5
"32933220844",3,493,7,2,1,5
"33015172351",4,800,9,3,1,9
"33031443727",3,63,1,2,5,6.5
"3307106228",2,1028,2,1,4,8
"33093475077",4,678,1,3,5,7
"33160152021",2,80,1,1,5,5
"33259800952",3,341,2,2,4,4.5
"33339098754",2,115,1,1,5,10
"33359078077",2,784,1,1,5,10
"33444368084",3,692,8,2,5,8.5
"33547454530",2,165,1,1,5,6
"33631825180",2,367,1,1,5,6
"33690651446",2,273,9,1,1,9
"33747108866",3,772,7,2,1,5.5
"33752044454",4,453,2,3,4,7
"33753771953",2,370,8,1,5,7
"33762789612",3,1060,7,2,1,5.5
"33774751973",4,610,1,3,5,4
"3384069899",2,410,1,1,5,6
"33866016282",3,915,8,2,5,4.5
"33868710519",2,69,10,1,4,6
"33886073454",4,527,1,3,5,4
"34163935432",3,140,8,2,5,9
"34246762619",4,365,2,3,4,7
"34345746857",2,241,4,1,3,7
"34439126903",4,611,10,3,4,3
"34548403901",3,376,7,2,1,3.5
"34601260093",3,187,7,2,1,8.5
"34773051349",4,174,1,3,5,7
"34781454366",3,809,1,2,5,4.5
"34831710485",4,572,7,3,1,8
"34847546078",4,253,2,3,4,5
"34965106269",3,878,8,2,5,8
"34992338811",4,976,1,3,5,5
"34996457229",4,256,2,3,4,10
"35208729810",3,771,9,2,1,7
"35344705388",2,156,9,1,1,6
"35503961162",3,445,9,2,1,4.5
"35703291339",3,585,7,2,1,8
"3578960970",4,129,8,3,5,2
"35803434222",3,792,2,2,4,7
"35813811180",3,379,1,2,5,6
"35822984313",3,180,8,2,5,8
"35823951130",2,1021,2,1,4,1
"35855947463",3,536,5,2,2,5
"35870294428",4,381,8,3,5,6
"35983592063",2,37,7,1,1,6
"36038406837",4,793,8,3,5,4
"36087380886",2,607,9,1,1,9
"3625698649",4,808,9,3,1,8
"36258645578",3,855,7,2,1,5.5
"36307617056",2,1018,4,1,3,5
"36311907952",2,1026,3,1,2,3
"36416802720",2,735,1,1,5,9
"36522456834",2,18,9,1,1,7
"36616726499",2,446,7,1,1,9
"36688855508",3,996,1,2,5,3
"36869286509",3,39,8,2,5,6
"36928221260",4,568,9,3,1,5
"3694962091",2,242,7,1,1,9
"36951048913",3,701,8,2,5,9.5
"36971558137",3,248,9,2,1,7.5
"3701590981",2,959,8,1,5,7
"37026740082",3,533,1,2,5,5
"37065248044",3,305,7,2,1,5.5
"37119781733",4,245,2,3,4,9
"37417088126",4,43,2,3,4,9
"37522164573",4,339,1,3,5,9
"37555904487",3,983,2,2,4,3
"376094304",2,1028,8,1,5,5
"3780626900",2,243,3,1,2,3
"37868840832",2,934,7,1,1,9
"37912719922",4,711,1,3,5,7
"37921566853",4,781,5,3,2,4
"38064776026",2,634,7,1,1,9
"381437458",2,803,1,1,5,9
"38156064634",2,820,9,1,1,4
"38197553782",3,75,2,2,4,2.5
"3822822824",3,191,1,2,5,7
"384809096",3,798,9,2,1,6
"38481483491",2,862,5,1,2,10
"38497394418",2,1022,2,1,4,1
"38524084395",4,663,7,3,1,7
"38575524217",4,566,8,3,5,7
"38717829414",2,554,1,1,5,1
"3877898491",3,67,9,2,1,8.5
"38863900641",3,928,4,2,3,8
"38871704989",4,1039,8,3,5,7
"38887998345",3,384,1,2,5,8
"38931464572",3,830,9,2,1,7.5
"3897617558",4,17,7,3,1,6
"39084622751",4,990,1,3,5,7
"39087195862",4,981,1,3,5,9
"39109561737",2,101,9,1,1,9
"39181385898",2,266,8,1,5,4
"39251726471",3,64,8,2,5,8
"39311586543",2,540,1,1,5,2
"39311867694",2,192,1,1,5,2
"39359363318",2,411,6,1,3,4
"39378796718",2,316,1,1,5,7
"39589399112",3,952,4,2,3,8.5
"39681536691",4,986,8,3,5,7
"39683245937",3,1043,1,2,5,3
"39772113220",4,235,4,3,3,5
"39847603170",3,94,3,2,2,3
"39922403693",4,361,4,3,3,4
"39957041902",2,318,8,1,5,7
"39977914778",3,896,10,2,4,5.5
"39986341836",4,481,3,3,2,2
"39988823015",2,141,8,1,5,3
"40034569521",4,789,7,3,1,1
"40044007977",4,496,8,3,5,5
"40060367880",4,143,8,3,5,3
"40209603351",3,30,7,2,1,5
"40246262395",3,508,8,2,5,3
"40249608544",3,301,1,2,5,4
"40269501385",2,399,1,1,5,3
"40279531199",3,273,8,2,5,4.5
"40347471091",4,890,2,3,4,8
"40464431658",2,797,2,1,4,7
"404793441",3,895,7,2,1,3
"40480322795",4,438,1,3,5,8
"40488708597",4,328,10,3,4,1
"40488935230",2,152,9,1,1,7
"40538785037",3,207,1,2,5,8.5
"40707379836",4,50,1,3,5,2
"40760716338",2,569,7,1,1,4
"40794971585",4,278,8,3,5,8
"40817971387",2,292,2,1,4,9
"40828578810",2,451,1,1,5,3
"40953776743",3,165,8,2,5,7.5
"41080614690",2,642,4,1,3,9
"41163053031",3,386,1,2,5,7.5
"41221267549",4,720,10,3,4,5
"41239687525",4,900,7,3,1,8
"41294697920",2,377,9,1,1,5
"41327443688",2,40,1,1,5,2
"41496398550",4,550,8,3,5,4
"41572625500",3,177,10,2,4,4.5
"41666704923",3,654,6,2,3,7.5
"41748151765",3,558,1,2,5,6
"41749195796",2,722,3,1,2,6
"41925886515",3,552,4,2,3,5
"42014883816",3,794,1,2,5,8.5
"4203534729",4,885,3,3,2,8
"42207052412",3,863,9,2,1,3
"42289409752",2,542,3,1,2,5
"42401897017",4,1057,1,3,5,6
"42453605458",3,926,8,2,5,6.5
"42455035508",2,1007,5,1,2,5
"42482358389",3,538,1,2,5,9
"42484767556",4,984,1,3,5,7
"4257609701",3,836,9,2,1,9.5
"42614035657",4,190,8,3,5,5
"42684548034",3,521,8,2,5,5.5
"42688141976",2,313,3,1,2,4
"42693393429",3,713,9,2,1,8
"42808374472",4,594,1,3,5,3
"42835089972",4,621,8,3,5,6
"42871285221",4,387,10,3,4,10
"42876231507",2,92,6,1,3,8
"42879809021",2,342,1,1,5,2
"42900810598",4,962,1,3,5,3
"42935617215",2,353,9,1,1,1
"42992024096",3,438,9,2,1,5.5
"42994879254",2,131,8,1,5,10
"43007630614",2,978,7,1,1,3
"43062855641",2,473,8,1,5,8
"43075216167",4,1051,5,3,2,5
"43089369912",4,610,8,3,5,7
"43141615902",3,639,6,2,3,5
"4314845478",3,442,9,2,1,6
"43199397004",4,216,5,3,2,6
"43306498606",4,317,8,3,5,5
"43377622106",2,843,8,1,5,8
"43607860343",2,53,1,1,5,5
"43646583343",2,393,9,1,1,4
"43785124263",3,635,8,2,5,4.5
"43828866206",4,994,2,3,4,8
"43887245272",2,83,8,1,5,10
"43960669878",3,790,10,2,4,6
"44028679595",4,649,7,3,1,8
"44079708955",4,89,9,3,1,8
"44089112605",3,443,2,2,4,7
"44128662816",2,734,6,1,3,8
"441452162",2,390,2,1,4,3
"44173021361",3,1055,8,2,5,9.5
"44332629632",4,884,7,3,1,7
"4437377097",2,260,1,1,5,1
"44375165727",4,813,10,3,4,6
"44421570718",4,787,1,3,5,8
"44469267992",3,828,7,2,1,3
"44530666926",3,64,9,2,1,6.5
"44580602772",2,781,7,1,1,10
"44678193401",2,539,7,1,1,1
"44771820549",4,34,8,3,5,8
"44799783857",3,595,1,2,5,3
"44885420816",2,592,1,1,5,9
"4500728522",2,402,8,1,5,4
"45090296707",2,827,9,1,1,4
"4523510254",2,513,9,1,1,7
"45258871329",2,938,5,1,2,5
"45273516410",2,173,6,1,3,8
"45355175284",3,691,2,2,4,9
"453573956",3,839,1,2,5,4.5
"45357999659",2,859,10,1,4,10
"45363179719",2,617,1,1,5,4
"45393225947",2,33,7,1,1,7
"45409225082",4,303,1,3,5,8
"4548999613",2,883,10,1,4,4
"45508047434",2,66,1,1,5,7
"45541719747",2,539,7,1,1,2
"45565356380",4,894,1,3,5,4
"45616626675",4,11,7,3,1,4
"45740005858",2,493,1,1,5,4
"4600996260",2,894,1,1,5,10
"46183891721",3,955,9,2,1,7.5
"4621834914",4,500,4,3,3,5
"46279702534",2,57,7,1,1,4
"46456328643",3,756,9,2,1,4.5
"46534799310",2,723,1,1,5,1
"46569955515",2,303,8,1,5,5
"46596989136",4,20,1,3,5,8
"4674609404",3,24,4,2,3,8
"46746354514",4,330,1,3,5,4
"46835980441",2,449,7,1,1,1
"46849957659",2,575,1,1,5,1
"46856087228",4,847,1,3,5,5
"46876176443",4,965,9,3,1,9
"46893757051",2,768,3,1,2,1
"47053616302",2,309,10,1,4,7
"47058604233",4,559,8,3,5,8
"47260498128",4,9,1,3,5,5
"47263025092",2,1058,7,1,1,1
"47359209397",3,21,7,2,1,9
"47405881883",2,217,7,1,1,8
"47486113220",4,281,8,3,5,4
"47493530068",3,499,9,2,1,5
"47564383661",3,382,2,2,4,5.5
"47655538983",4,510,7,3,1,9
"47698406201",4,511,10,3,4,5
"47733700045",3,983,8,2,5,7
"47750226933",3,587,8,2,5,5
"47800782383",2,973,1,1,5,4
"4786479596",3,783,10,2,4,6.5
"47879911969",2,317,9,1,1,9
"47942408501",3,420,1,2,5,4.5
"4794572797",3,557,2,2,4,8
"48057650312",3,1020,10,2,4,4
"48103576915",2,560,9,1,1,8
"48167630142",4,1020,7,3,1,8
"48274415281",3,118,7,2,1,6.5
"48299192633",4,10,7,3,1,4
"48316389477",3,844,8,2,5,4
"48487363172",2,685,9,1,1,3
"48509063331",2,659,10,1,4,1
"48528559202",2,102,1,1,5,2
"48567203782",2,697,1,1,5,10
"48577481757",3,216,2,2,4,8.5
"48584559259",3,728,10,2,4,5.5
"48586449861",2,291,2,1,4,9
"48644799614",4,698,1,3,5,6
"48658265045",4,265,5,3,2,1
"48767644725",2,2,8,1,5,4
"48769224819",2,649,9,1,1,7
"48821711043",4,57,2,3,4,6
"48915632739",3,553,2,2,4,6
"48916036144",3,730,9,2,1,4
"48972142541",4,40,1,3,5,8
"49131663739",2,437,8,1,5,3
"49147548986",2,785,8,1,5,2
"49190773468",4,814,7,3,1,5
"49228982325",4,254,1,3,5,2
"49426200581",3,891,1,2,5,7.5
"49460753943",3,464,1,2,5,4.5
"49471988322",4,277,8,3,5,7
"4951423552",2,969,7,1,1,2
"49577317951",4,647,8,3,5,5
"49644043825",3,929,9,2,1,8.5
"49662936889",3,209,1,2,5,6
"49666156334",3,591,10,2,4,4
"49715835198",3,86,7,2,1,7.5
"49724974550",3,700,9,2,1,7
"49735096801",2,757,7,1,1,9
"49784164978",4,653,9,3,1,7
"4982921107",2,744,1,1,5,7
"49903206944",3,969,7,2,1,6
"49911470476",4,231,9,3,1,3
"49918345026",4,930,4,3,3,3
"49967565611",3,238,3,2,2,6.5
"50046478349",4,252,6,3,3,9
"50061070703",3,411,1,2,5,5.5
"50066466153",2,936,7,1,1,3
"5007822606",4,228,8,3,5,6
"50167314091",4,444,10,3,4,4
"50197486087",2,763,9,1,1,7
"50202952627",3,887,8,2,5,6.5
"5025171108",2,951,8,1,5,4
"50259209036",4,633,7,3,1,4
"503103943",4,841,9,3,1,4
"503291040",2,436,9,1,1,9
"50396497816",3,1042,1,2,5,4.5
"50409060482",4,726,9,3,1,6
"50552227352",3,776,7,2,1,5.5
"50599781293",3,135,5,2,2,4.5
"50640070656",3,957,6,2,3,3.5
"50643162589",3,702,1,2,5,7.5
"50649919211",2,837,1,1,5,8
"50727266825",4,323,10,3,4,1
"50729123765",2,784,4,1,3,8
"50857298483",2,757,10,1,4,1
"50861717696",4,824,1,3,5,4
"50892411715",4,103,2,3,4,4
"5094391113",2,1048,4,1,3,9
"50947361732",2,715,3,1,2,7
"50967926315",3,220,8,2,5,6
"51093896452",4,1029,10,3,4,5
"51155520449",3,804,9,2,1,8.5
"51243200852",2,263,8,1,5,10
"51417313497",4,483,1,3,5,6
"51447412571",3,70,8,2,5,3
"51546098598",2,600,8,1,5,9
"516268042",4,286,8,3,5,6
"51707974399",2,82,8,1,5,10
"5171206238",2,566,1,1,5,9
"51837899460",2,662,2,1,4,6
"51889801306",4,1001,1,3,5,3
"5193573346",4,708,8,3,5,8
"52038380453",4,108,10,3,4,5
"52251067639",2,215,10,1,4,4
"52259127156",2,221,7,1,1,4
"52283731996",4,638,7,3,1,7
"52288130682",3,969,1,2,5,6
"52389094629",3,145,7,2,1,4.5
"52504681073",4,776,7,3,1,5
"52717717386",3,238,10,2,4,4
"52754182501",3,517,9,2,1,6
"52777993411",3,623,3,2,2,6.5
"5280201281",2,895,8,1,5,5
"52910102085",4,403,1,3,5,7
"52933322732",3,26,3,2,2,4
"52939574713",2,942,10,1,4,1
"53002495182",2,168,9,1,1,7
"53058329601",4,338,10,3,4,2
"53070980446",4,902,1,3,5,5
"53109132111",3,227,2,2,4,6
"53401203986",3,751,4,2,3,8
"53537084115",3,335,8,2,5,7
"53585827028",2,925,10,1,4,7
"53688258987",4,655,1,3,5,5
"53734019809",3,674,9,2,1,4.5
"53757355179",2,706,1,1,5,5
"53804995397",2,474,1,1,5,1
"53853196476",3,129,7,2,1,3
"5385478725",2,81,10,1,4,1
"53880750791",2,631,1,1,5,7
"53896841920",3,310,1,2,5,9
"53904501353",3,936,1,2,5,6
"53911859116",4,157,9,3,1,4
"53932952417",3,185,1,2,5,4
"54003636215",2,168,9,1,1,6
"54075692622",4,440,9,3,1,7
"54077603624",3,1017,7,2,1,7.5
"54081194736",4,582,7,3,1,8
"54153403635",2,878,8,1,5,6
"5415849950",2,330,1,1,5,5
"54234607492",2,476,7,1,1,5
"54245573578",3,319,8,2,5,7.5
"54290752670",4,6,9,3,1,8
"54331452064",4,134,7,3,1,7
"54361628538",3,908,1,2,5,7.5
"54366873079",2,75,9,1,1,4
"54385361601",2,1015,8,1,5,3
"54427359292",3,296,8,2,5,9
"54453196484",4,729,7,3,1,8
"54457661596",3,847,8,2,5,6.5
"54465771689",4,329,1,3,5,3
"54513194866",3,786,8,2,5,6
"54556968121",2,311,3,1,2,10
"54584472197",3,335,1,2,5,6
"54645061875",3,149,1,2,5,7.5
"54745618411",3,753,7,2,1,4
"54806618985",3,1054,10,2,4,8
"54858282003",3,850,1,2,5,5
"54864188974",4,564,9,3,1,3
"54908001609",3,587,1,2,5,1.5
"54916568680",2,927,9,1,1,7
"54959120775",3,270,8,2,5,4
"55037521856",2,626,5,1,2,10
"55086082816",3,472,7,2,1,6
"55118275387",2,821,1,1,5,6
"5518114098",3,113,9,2,1,8
"55320907496",3,134,1,2,5,5
"55354299550",4,105,8,3,5,5
"55354749675",2,982,4,1,3,6
"55380526766",3,535,9,2,1,8
"55417200766",3,616,1,2,5,7
"55449674178",4,125,2,3,4,4
"55578061280",2,428,1,1,5,10
"5559029068",3,369,5,2,2,8
"55595788396",2,506,8,1,5,1
"55738924877",3,1027,1,2,5,7
"55761360668",2,403,4,1,3,2
"55776095930",3,499,9,2,1,5
"55903277198",3,926,1,2,5,3.5
"55973631997",2,914,9,1,1,10
"55975938479",4,211,2,3,4,6
"55977995941",4,949,2,3,4,5
"55979626761",4,12,1,3,5,8
"56061047235",3,596,9,2,1,4
"56061159367",3,586,1,2,5,5
"56069889021",2,935,1,1,5,3
"5607575302",2,1034,7,1,1,7
"56279658826",3,198,1,2,5,3.5
"56305773287",2,818,6,1,3,4
"56405812343",4,694,8,3,5,3
"56464476488",2,482,7,1,1,10
"56466938392",4,579,8,3,5,7
"56501730327",3,203,9,2,1,5.5
"56511397452",2,811,9,1,1,7
"56525045134",4,1059,1,3,5,8
"56529908943",4,503,7,3,1,6
"56583205357",2,1014,8,1,5,6
"56630423029",3,894,1,2,5,3
"56717992953",2,73,9,1,1,7
"56759169476",3,72,8,2,5,6
"56823775084",2,623,9,1,1,6
"56836268054",4,940,8,3,5,9
"56920868091",2,841,5,1,2,7
"570903889",2,337,1,1,5,2
"57127832791",2,110,7,1,1,2
"5720599398",2,851,1,1,5,1
"57292321501",2,514,8,1,5,4
"57389857838",4,205,7,3,1,2
"57428461126",2,618,2,1,4,10
"5745592156",2,565,1,1,5,3
"57467810275",3,531,5,2,2,7
"57567428307",3,240,1,2,5,3
"57639247030",3,677,9,2,1,9
"57689347785",2,649,1,1,5,6
"57788419128",2,738,8,1,5,8
"57949083212",3,223,5,2,2,8.5
"58056680143",4,845,7,3,1,8
"58186282275",2,904,2,1,4,3
"58237943661",3,695,9,2,1,7
"58406135267",4,306,8,3,5,9
"58421416414",2,656,4,1,3,3
"5842294477",3,279,1,2,5,4
"58424743030",4,136,8,3,5,1
"58426491256",2,915,7,1,1,8
"5844719545",3,1021,1,2,5,6
"58450137874",3,825,1,2,5,1
"58501650878",2,720,8,1,5,6
"58655698927",2,736,9,1,1,6
"58745779095",4,115,8,3,5,6
"58863727483",2,142,1,1,5,5
"58894024918",4,597,7,3,1,8
"58947419258",3,614,2,2,4,5.5
"58961397335",4,886,1,3,5,8
"58977487500",4,753,9,3,1,5
"59012487505",4,8,7,3,1,5
"59073865208",3,44,3,2,2,10
"59112071114",2,698,10,1,4,8
"59147471212",4,1056,7,3,1,8
"59313623744",4,318,10,3,4,5
"5937767328",2,689,8,1,5,2
"59450862992",2,114,9,1,1,6
"59554774303",3,602,5,2,2,2.5
"59683700014",2,344,10,1,4,3
"59916567761",2,345,8,1,5,8
"5992006702",3,501,7,2,1,8
"59956961872",2,198,6,1,3,10
"60035711941",2,469,1,1,5,8
"60635429960",2,46,1,1,5,3
"60714951190",4,606,1,3,5,8
"60716369752",4,15,9,3,1,8
"60780317091",3,584,8,2,5,5.5
"60851097370",2,986,7,1,1,9
"60887374053",4,877,2,3,4,4
"60954444743",4,409,8,3,5,6
"61132282738",2,689,2,1,4,10
"61136883369",3,468,9,2,1,9.5
"61230122781",3,1019,1,2,5,7.5
"61265969513",4,127,8,3,5,4
"61309488221",3,446,1,2,5,5.5
"61353022098",4,537,4,3,3,2
"61455858672",2,660,9,1,1,5
"61775833405",2,387,2,1,4,9
"61802005117",2,1011,6,1,3,4
"61846438744",2,501,9,1,1,1
"61861629912",3,549,2,2,4,4
"61922517456",2,399,9,1,1,4
"61937079030",3,912,7,2,1,6.5
"62074161015",3,324,2,2,4,8
"62096287424",2,414,8,1,5,4
"62152524398",3,188,9,2,1,7.5
"6228078422",4,983,7,3,1,5
"62319886833",4,312,8,3,5,1
"62333485279",3,511,4,2,3,4.5
"62389755673",3,905,9,2,1,4
"62435269243",3,157,1,2,5,6.5
"62530916241",2,151,7,1,1,4
"62594923847",4,747,2,3,4,5
"62603625808",3,28,8,2,5,4.5
"62607140943",4,334,9,3,1,9
"62636534306",3,239,8,2,5,1.5
"62689067474",2,1010,8,1,5,10
"62827580022",3,404,10,2,4,8
"62908264480",3,247,1,2,5,7.5
"62916811801",3,780,8,2,5,2
"62926183399",3,770,1,2,5,8
"62962501195",2,230,2,1,4,6
"63002765365",3,957,8,2,5,4
"63160349599",3,132,8,2,5,2
"63192710605",4,586,8,3,5,6
"632204462",4,499,10,3,4,4
"63254141566",4,606,1,3,5,5
"63296020343",4,447,1,3,5,8
"63329000600",2,190,8,1,5,4
"6338978698",3,712,5,2,2,4
"63392572412",2,930,9,1,1,2
"63473872454",4,454,4,3,3,3
"63508270221",2,780,5,1,2,10
"63702519631",2,898,8,1,5,6
"63770450108",2,1021,7,1,1,8
"63835300270",2,646,7,1,1,3
"63840630575",2,480,8,1,5,8
"63863191067",3,275,1,2,5,6
"63891369905",3,394,7,2,1,5.5
"63897409511",3,684,1,2,5,3.5
"63925775376",3,230,1,2,5,4
"63975357043",3,849,10,2,4,5
"64071109376",4,446,1,3,5,1
"64360688715",4,184,6,3,3,6
"64374527351",4,965,6,3,3,4
"64375564081",4,524,8,3,5,7
"64490970426",4,775,8,3,5,5
"64620592072",3,510,1,2,5,5.5
"64703231570",3,651,7,2,1,5
"64720690818",4,429,8,3,5,3
"64808765468",4,246,8,3,5,7
"64864994071",4,600,9,3,1,7
"64914283741",2,546,9,1,1,9
"64951964784",2,84,7,1,1,3
"65097416402",2,528,1,1,5,9
"65147400895",4,389,8,3,5,6
"65193461351",4,209,2,3,4,4
"65290771631",2,93,7,1,1,3
"65379817193",3,622,7,2,1,6.5
"65405107035",3,10,8,2,5,6.5
"65460854075",3,750,8,2,5,1.5
"65503774768",2,177,7,1,1,10
"65522986739",4,725,8,3,5,1
"65537799565",4,480,2,3,4,8
"65747062785",3,681,8,2,5,4.5
"65805981694",4,731,8,3,5,1
"65899357164",4,361,9,3,1,4
"66014776067",2,226,7,1,1,6
"66145976629",4,417,5,3,2,6
"661467426",4,107,7,3,1,5
"66147459243",2,835,8,1,5,4
"66173339509",2,718,9,1,1,10
"66421824543",2,1010,10,1,4,1
"66438134189",2,460,3,1,2,2
"66450075530",4,441,9,3,1,9
"66503822222",4,851,9,3,1,2
"66528735746",2,688,8,1,5,10
"66672354037",4,172,10,3,4,6
"66703386739",4,801,8,3,5,3
"6677321147",4,525,9,3,1,8
"6677608842",2,85,8,1,5,2
"66776375439",2,235,10,1,4,9
"66827484619",3,282,6,2,3,3.5
"66847116496",2,162,1,1,5,5
"66945757175",2,900,7,1,1,2
"66975692471",4,435,1,3,5,7
"67183663587",4,700,10,3,4,10
"67184696186",4,806,9,3,1,5
"67263209292",4,988,8,3,5,3
"67399401110",2,928,1,1,5,1
"67434711921",3,194,5,2,2,7
"67447768030",4,959,9,3,1,5
"67499340390",2,815,5,1,2,9
"67625679139",4,1015,7,3,1,5
"67744551155",3,624,2,2,4,10
"67867731669",4,432,9,3,1,10
"6792123909",2,320,2,1,4,8
"6794412134",4,491,1,3,5,8
"67961316728",3,250,8,2,5,1.5
"67994285432",3,15,8,2,5,3.5
"6809404093",3,347,7,2,1,8.5
"6817032776",3,946,8,2,5,7
"68228938757",3,204,9,2,1,4.5
"68236554482",4,840,1,3,5,4
"68269533745",2,910,9,1,1,2
"68441636230",3,620,8,2,5,5.5
"68592134086",3,271,6,2,3,9.5
"6868823922",4,1037,1,3,5,6
"68716807904",3,223,8,2,5,4.5
"68730523468",4,491,10,3,4,6
"68761082254",2,302,10,1,4,10
"68799728387",2,3,1,1,5,2
"68858213511",3,467,1,2,5,3.5
"68896883575",4,94,9,3,1,3
"68938187831",3,14,8,2,5,7
"68984769071",2,1039,8,1,5,1
"69047718466",3,158,1,2,5,6
"69091009642",2,608,1,1,5,10
"69147984983",3,590,7,2,1,5.5
"69198849249",2,307,7,1,1,10
"69265418935",2,366,8,1,5,10
"69277124719",3,612,1,2,5,3.5
"6929506153",3,373,2,2,4,6.5
"69296099099",2,666,8,1,5,1
"69310055296",2,996,9,1,1,1
"695918759",3,120,1,2,5,5.5
"69631484335",2,87,1,1,5,8
"69662083380",3,1031,1,2,5,3.5
"69770032400",4,111,1,3,5,5
"69774078889",3,731,1,2,5,5.5
"69897308571",2,25,9,1,1,2
"69946167408",3,601,8,2,5,3.5
"70018416672",4,340,7,3,1,2
"70037427551",3,462,1,2,5,5
"7005908165",4,578,7,3,1,5
"70096836677",2,31,8,1,5,8
"70255212518",3,507,1,2,5,4.5
"70342858159",4,931,9,3,1,4
"70430825625",2,966,8,1,5,9
"7048193623",3,795,1,2,5,4.5
"70486887407",3,918,5,2,2,8.5
"70574361628",2,645,1,1,5,4
"70606404160",4,222,7,3,1,8
"7064993156",3,224,1,2,5,6
"7067152093",4,568,10,3,4,7
"70687588932",2,571,1,1,5,6
"70796896199",4,486,7,3,1,8
"71006432011",3,237,8,2,5,2.5
"71006870849",4,234,8,3,5,5
"71059818813",3,829,9,2,1,7.5
"7108419897",3,643,9,2,1,4.5
"71130493259",4,284,1,3,5,5
"71179068927",4,68,8,3,5,4
"71275331977",4,477,1,3,5,7
"7129821596",2,295,7,1,1,10
"71381161238",4,830,3,3,2,8
"71469417057",3,872,1,2,5,2.5
"71519064634",4,374,2,3,4,6
"71705943290",4,1016,9,3,1,4
"71756987298",3,490,9,2,1,6
"71840451475",4,449,7,3,1,9
"71900991374",3,315,8,2,5,8
"72043822303",3,31,7,2,1,7
"72104107688",2,1002,8,1,5,7
"72117718570",2,495,5,1,2,3
"72130491024",4,167,7,3,1,8
"72205283539",2,35,1,1,5,6
"72207486381",2,785,8,1,5,8
"72244921271",3,258,10,2,4,5.5
"72354688608",2,171,7,1,1,8
"72427737934",2,228,8,1,5,10
"72437698537",4,49,9,3,1,7
"72549709978",3,565,9,2,1,5.5
"72635077030",2,954,9,1,1,7
"7264010264",2,1036,9,1,1,9
"72676467603",4,126,1,3,5,6
"72700547582",4,465,1,3,5,6
"7273480351",3,764,7,2,1,7
"72786942292",3,323,9,2,1,6
"72790478622",2,342,1,1,5,5
"72800370695",2,838,6,1,3,10
"72896301070",4,178,7,3,1,2
"72916771793",2,195,7,1,1,1
"72959757051",3,867,6,2,3,4
"7308708003",4,188,2,3,4,4
"73209976326",4,74,2,3,4,10
"7325482216",2,534,8,1,5,9
"7333103340",4,654,2,3,4,6
"73437942633",2,956,7,1,1,8
"73517990237",4,342,8,3,5,7
"73518743623",4,586,1,3,5,6
"73605786075",3,741,8,2,5,4
"73623845610",4,7,8,3,5,7
"73661162603",4,348,1,3,5,7
"73729900162",3,171,2,2,4,5
"73835923564",3,740,1,2,5,6
"73845930185",3,620,2,2,4,4.5
"73888853677",2,712,9,1,1,4
"73898419674",4,539,8,3,5,8
"73951225653",2,629,1,1,5,1
"73963999005",2,452,1,1,5,2
"73982897196",2,268,8,1,5,9
"74000740180",3,406,1,2,5,7.5
"74202753070",3,332,1,2,5,7
"74289872740",2,1006,8,1,5,2
"7433642128",4,336,8,3,5,4
"74349766839",2,798,7,1,1,3
"74351643616",2,322,8,1,5,7
"74462647900",2,189,9,1,1,10
"74591924903",3,505,2,2,4,5.5
"74604630036",2,140,7,1,1,3
"74628907421",3,30,2,2,4,6
"74677364410",4,178,10,3,4,6
"7468654420",2,776,10,1,4,10
"74841884760",2,58,8,1,5,1
"74915348256",4,742,10,3,4,6
"74920214354",2,102,7,1,1,10
"74947070351",2,64,8,1,5,1
"74963561108",2,510,2,1,4,3
"75010875098",2,863,1,1,5,9
"75026830276",3,754,7,2,1,2
"75062293765",4,733,1,3,5,9
"75078237701",3,622,8,2,5,4
"75140994832",3,874,7,2,1,8.5
"75171239765",4,93,8,3,5,4
"75192857901",2,356,8,1,5,5
"75236561666",3,165,7,2,1,5
"75276044561",4,359,10,3,4,4
"75323208601",2,1022,6,1,3,1
"75336358152",4,416,8,3,5,7
"75469332530",2,413,7,1,1,8
"75502763980",4,657,1,3,5,6
"75685444775",3,917,2,2,4,5
"75724156362",2,989,7,1,1,6
"76043877964",2,747,1,1,5,1
"76254053220",4,960,8,3,5,5
"76298572704",3,436,1,2,5,4.5
"76302809030",3,211,3,2,2,4.5
"76380748467",2,733,1,1,5,10
"76477818416",2,858,9,1,1,6
"76478607993",3,225,1,2,5,5.5
"76520506673",4,378,8,3,5,6
"76549842124",3,727,5,2,2,3
"76679710135",3,160,8,2,5,5.5
"76739429431",3,53,1,2,5,5
"76820857615",4,264,8,3,5,7
"76913426200",3,549,3,2,2,3.5
"76974744111",4,726,9,3,1,10
"77086373466",4,804,10,3,4,8
"77098782790",2,479,1,1,5,6
"77133488225",4,667,8,3,5,5
"7725159735",3,1033,1,2,5,8.5
"77297890833",2,951,4,1,3,10
"77310633153",2,718,6,1,3,10
"77312874789",2,123,9,1,1,5
"77317311730",2,522,1,1,5,5
"77346725287",3,999,1,2,5,5.5
"77471063847",2,285,8,1,5,5
"7751006976",3,213,7,2,1,4.5
"77542299642",2,109,7,1,1,1
"77586918233",3,607,3,2,2,9
"77624739072",3,5,6,2,3,6
"77674078502",4,398,1,3,5,6
"7769701718",2,935,8,1,5,8
"77830744037",3,630,10,2,4,5
"77903475290",3,299,8,2,5,8
"77973703627",4,749,3,3,2,4
"7799889332",3,84,10,2,4,6
"78041620564",4,352,8,3,5,7
"78045779079",2,82,3,1,2,7
"78077787067",4,865,8,3,5,7
"7809261504",4,870,8,3,5,4
"7825690059",2,466,4,1,3,4
"78264051802",4,547,2,3,4,9
"78467783362",2,589,2,1,4,8
"78469431293",2,308,8,1,5,7
"78469619184",3,707,7,2,1,1.5
"78469627992",4,635,8,3,5,7
"78473079662",2,398,1,1,5,6
"78564691472",4,77,2,3,4,8
"78565008816",3,526,7,2,1,4.5
"78601198510",3,201,7,2,1,6.5
"78658039591",3,36,7,2,1,6.5
"78766645898",2,710,7,1,1,7
"78784950714",2,712,8,1,5,6
"78862902872",2,126,1,1,5,8
"78868481884",2,812,7,1,1,5
"78897282000",2,619,7,1,1,2
"78931583831",4,65,3,3,2,4
"78941646336",4,280,10,3,4,2
"79015318891",2,456,8,1,5,6
"79065972925",4,375,9,3,1,8
"79206673268",4,100,5,3,2,8
"79235852",2,676,7,1,1,9
"79242833355",3,266,10,2,4,3.5
"792682456",2,599,6,1,3,6
"79282416609",4,33,8,3,5,6
"79399308780",3,555,9,2,1,1
"79407731693",4,864,2,3,4,4
"79449541447",3,153,7,2,1,3.5
"79450669334",2,604,1,1,5,1
"79462762802",2,442,8,1,5,8
"7948869409",2,802,1,1,5,3
"79658536855",4,685,7,3,1,4
"79700548978",2,605,5,1,2,7
"79871659684",3,759,1,2,5,5.5
"79885830606",4,833,9,3,1,6
"80143258211",4,293,8,3,5,6
"80196834607",4,104,1,3,5,8
"80259826436",2,63,1,1,5,3
"80273881327",2,454,9,1,1,7
"80321845916",3,348,9,2,1,2.5
"80428691167",3,461,8,2,5,6.5
"80457961799",2,488,7,1,1,9
"80512147984",4,774,7,3,1,8
"80547876049",4,98,3,3,2,4
"80581130271",4,998,3,3,2,3
"80599200583",2,297,10,1,4,4
"80808373071",3,40,5,2,2,7
"8091003793",3,707,9,2,1,2.5
"80939804372",3,276,9,2,1,4.5
"81018465052",3,895,1,2,5,6.5
"81024133046",3,272,6,2,3,9.5
"81046975421",3,461,9,2,1,4.5
"81255475334",2,419,1,1,5,1
"8133708412",3,209,1,2,5,6.5
"81441866933",3,576,1,2,5,8
"81514661774",4,652,4,3,3,6
"81593426591",3,906,9,2,1,6
"81706024561",2,250,4,1,3,1
"81706874616",2,497,8,1,5,8
"81822914607",3,979,7,2,1,6.5
"81873284610",4,56,1,3,5,6
"81873718739",4,674,5,3,2,1
"81918953439",2,261,7,1,1,9
"81971103982",4,22,7,3,1,2
"81975807774",3,830,3,2,2,10
"81979207806",3,175,8,2,5,4.5
"82064295308",3,314,1,2,5,5.5
"82079510997",3,719,1,2,5,4.5
"82080045167",3,228,5,2,2,3
"82100835776",2,881,1,1,5,2
"82111977238",3,96,7,2,1,5
"82131702298",4,779,9,3,1,5
"82187015491",2,945,9,1,1,2
"8224933435",3,170,7,2,1,7
"82304276821",2,975,8,1,5,8
"82308890371",3,545,10,2,4,2.5
"82320266797",4,128,7,3,1,4
"82612266165",3,198,2,2,4,7
"8265704061",4,843,9,3,1,4
"82764145597",2,61,8,1,5,9
"82794301281",3,427,6,2,3,7
"82858476715",3,958,7,2,1,9.5
"82897932844",4,778,1,3,5,6
"83066462712",4,896,5,3,2,7
"83293553347",4,161,7,3,1,6
"83335301776",3,130,2,2,4,6.5
"83382602973",2,680,1,1,5,4
"83500372794",4,1041,7,3,1,7
"83648763017",3,1004,2,2,4,3
"83677905987",3,364,4,2,3,4.5
"83690900826",3,426,1,2,5,4.5
"8373027021",4,175,1,3,5,2
"83771008282",3,561,6,2,3,2
"83824749180",2,219,6,1,3,10
"8387761954",4,485,1,3,5,3
"8390060396",3,680,9,2,1,3
"83985374850",3,708,7,2,1,8.5
"84006831488",4,542,9,3,1,6
"84009651076",4,687,7,3,1,6
"84088342049",3,541,1,2,5,1.5
"8409874272",3,41,7,2,1,8
"84140232324",2,673,9,1,1,8
"84166482853",2,1012,1,1,5,8
"84544757060",3,197,8,2,5,4
"84631583774",2,636,8,1,5,8
"84649088607",4,550,4,3,3,9
"84733534386",4,445,7,3,1,6
"8475229528",3,448,1,2,5,7.5
"84967995781",3,762,9,2,1,3
"85309170651",4,994,10,3,4,9
"85369974784",4,758,1,3,5,7
"85407105829",3,249,1,2,5,2.5
"85506269313",4,951,1,3,5,7
"85626737715",3,544,10,2,4,4.5
"85717391418",4,424,1,3,5,5
"85798095152",4,913,8,3,5,4
"85931430638",2,761,10,1,4,2
"85992171814",4,283,9,3,1,2
"86002094920",4,783,6,3,3,9
"86030465211",4,117,9,3,1,4
"86034744725",2,858,9,1,1,3
"86052061015",2,150,6,1,3,1
"86216643264",4,403,2,3,4,4
"86247710429",4,752,7,3,1,7
"86294517156",3,263,10,2,4,3.5
"86343019801",4,725,4,3,3,1
"86352977634",3,804,4,2,3,2.5
"86424747496",4,371,10,3,4,8
"86436005323",2,888,7,1,1,7
"86648808290",2,887,5,1,2,5
"8665190410",2,995,2,1,4,4
"86716095140",3,802,7,2,1,6.5
"86736954571",3,974,2,2,4,4
"86788919311",2,59,8,1,5,5
"86828764966",4,51,9,3,1,5
"86945674023",4,54,8,3,5,6
"87000261193",2,540,10,1,4,3
"87110108630",4,55,4,3,3,8
"87347906315",4,692,1,3,5,8
"87407837191",3,721,9,2,1,6
"87437476620",2,943,9,1,1,10
"87523926082",3,62,1,2,5,5
"87574222499",3,380,9,2,1,7
"87646052844",4,922,9,3,1,6
"87762165898",4,298,5,3,2,9
"8781857551",3,343,9,2,1,7.5
"87938044018",2,781,3,1,2,6
"87966481566",4,543,8,3,5,1
"88175175076",3,870,9,2,1,5.5
"88251309860",3,186,9,2,1,4.5
"88283689935",3,430,2,2,4,2
"88418553845",3,173,4,2,3,5
"88496215936",4,861,1,3,5,8
"88539858935",3,573,2,2,4,6
"88556892757",2,714,10,1,4,10
"88606111348",2,265,3,1,2,2
"88611995487",4,29,6,3,3,5
"88630145808",2,714,1,1,5,6
"88667472696",4,1004,1,3,5,3
"8866995632",3,350,6,2,3,4.5
"88851041280",2,434,7,1,1,8
"88918650139",3,368,5,2,2,7.5
"88981348176",2,154,8,1,5,3
"8904088098",3,696,1,2,5,1
"89140584339",2,181,9,1,1,2
"89142016865",3,193,9,2,1,4.5
"89200815416",4,814,2,3,4,6
"89276626570",4,294,1,3,5,1
"89315788198",3,356,2,2,4,6
"89344287779",4,376,9,3,1,3
"89535607463",2,90,9,1,1,5
"89631544320",2,812,1,1,5,4
"8967193888",4,736,10,3,4,2
"8973185837",2,312,9,1,1,4
"89776399443",3,967,8,2,5,4
"89808998221",2,435,7,1,1,9
"89810774483",2,624,9,1,1,9
"89821477882",4,612,10,3,4,3
"89997832488",4,775,1,3,5,4
"90109356910",2,800,8,1,5,9
"9012141364",2,202,2,1,4,9
"90258066723",3,260,10,2,4,10
"9032759837",2,99,7,1,1,10
"90352320041",4,321,10,3,4,5
"90371091457",3,1049,7,2,1,6.5
"90440025595",4,32,2,3,4,7
"90442574515",4,78,2,3,4,1
"90448999202",3,1009,3,2,2,8.5
"90607265830",2,154,1,1,5,8
"90687598432",4,886,8,3,5,8
"90689656630",4,27,8,3,5,2
"90748335321",4,964,5,3,2,6
"90769863154",2,970,10,1,4,2
"90791587780",3,52,1,2,5,7.5
"90836187568",4,274,1,3,5,2
"90909449888",2,425,4,1,3,4
"90931296668",2,882,1,1,5,7
"90955121195",2,557,8,1,5,9
"91080564123",3,598,10,2,4,9
"9110816202",4,516,1,3,5,4
"91119036380",4,876,9,3,1,6
"91135491487",4,761,8,3,5,4
"91167326096",2,71,9,1,1,8
"91311271226",3,225,8,2,5,3.5
"91334954035",2,822,2,1,4,3
"91339736986",4,609,6,3,3,6
"91345880248",3,716,1,2,5,4.5
"91396898978",2,395,2,1,4,1
"91401232093",2,444,9,1,1,10
"91492144482",4,325,9,3,1,2
"91543858438",2,191,9,1,1,3
"91694848259",3,834,1,2,5,3.5
"91853896446",3,773,1,2,5,7
"9189295217",3,879,7,2,1,3.5
"91912271603",3,106,7,2,1,6.5
"92066422631",2,271,7,1,1,10
"921416175",4,19,1,3,5,2
"92272155307",4,950,1,3,5,6
"92410369562",2,931,1,1,5,3
"92428883301",2,97,8,1,5,10
"92442250158",2,551,9,1,1,2
"92466603350",3,240,8,2,5,3
"9253337050",4,509,10,3,4,3
"92559262064",2,961,2,1,4,10
"9256962522",3,48,1,2,5,3.5
"9257012379",4,965,6,3,3,2
"9265822325",3,967,8,2,5,5
"92694693425",3,459,8,2,5,4
"9278148939",2,502,7,1,1,3
"92792087522",3,924,8,2,5,3.5
"92855266620",3,253,7,2,1,9.5
"92870977823",2,333,5,1,2,9
"93228110590",4,832,9,3,1,2
"93464954005",3,255,8,2,5,4.5
"93511971525",4,155,10,3,4,8
"9353023009",4,889,7,3,1,5
"93569803682",3,603,8,2,5,3
"93690642078",4,676,1,3,5,1
"93726329601",4,226,8,3,5,3
"93726991415",4,846,1,3,5,3
"93764568659",2,517,2,1,4,9
"93797301991",4,1047,6,3,3,6
"93811981861",3,38,10,2,4,7
"93885399523",4,916,3,3,2,3
"93901204411",3,208,2,2,4,9.5
"93930642168",2,558,8,1,5,6
"93956345576",2,327,8,1,5,6
"93976876013",4,873,8,3,5,7
"94152150774",3,214,7,2,1,7
"94177068266",2,405,8,1,5,1
"94309888520",3,136,8,2,5,3.5
"94323160909",2,68,9,1,1,8
"94346679536",2,53,6,1,3,5
"94479073504",3,573,1,2,5,3.5
"94500811453",4,436,1,3,5,5
"9461117929",3,724,8,2,5,6.5
"94659461614",4,4,1,3,5,10
"94687882231",4,206,7,3,1,6
"94692562114",3,418,8,2,5,3
"94746788580",2,847,8,1,5,4
"94771601324",4,501,1,3,5,6
"94887727520",2,23,1,1,5,9
"94905750925",2,817,8,1,5,7
"94947737470",4,547,7,3,1,3
"94982403465",2,146,3,1,2,5
"9512829845",3,1,5,2,2,7.5
"95158404622",2,423,8,1,5,7
"95240082889",2,929,9,1,1,3
"95259151850",4,995,1,3,5,6
"95268639232",3,953,9,2,1,8
"95284488979",4,439,9,3,1,4
"95319313645",4,1044,1,3,5,5
"95350106945",3,76,2,2,4,2
"9535241955",4,918,1,3,5,7
"9538271290",4,476,4,3,3,6
"95391523352",2,947,4,1,3,10
"95453099363",2,476,4,1,3,2
"95518323034",4,320,1,3,5,4
"95544690613",3,512,8,2,5,7
"95594012846",4,693,9,3,1,3
"95649872980",2,1000,2,1,4,5
"95677773011",4,484,8,3,5,9
"95686346926",2,463,9,1,1,8
"95766573263",2,191,7,1,1,6
"9582233059",2,686,7,1,1,7
"96048537093",4,30,2,3,4,9
"9609192013",2,579,9,1,1,6
"9611502203",4,450,2,3,4,4
"96122742891",4,367,6,3,3,4
"96146942181",3,267,10,2,4,7.5
"96424362666",3,236,8,2,5,4
"96445793776",4,792,2,3,4,8
"96509665516",4,469,7,3,1,5
"9651125642",3,388,3,2,2,2.5
"96523508410",3,705,9,2,1,7.5
"96575790539",2,800,2,1,4,10
"96600308005",4,358,8,3,5,9
"96693866306",4,977,9,3,1,7
"96700215265",2,1050,1,1,5,6
"96703270037",2,476,1,1,5,7
"9679843044",4,968,7,3,1,3
"96901681438",2,991,9,1,1,3
"96969936184",2,1030,1,1,5,9
"97069945266",2,142,8,1,5,8
"97077854872",2,200,3,1,2,6
"97163607708",2,317,1,1,5,6
"9718150220",3,668,1,2,5,6
"97238776390",2,767,3,1,2,2
"9727918182",2,782,7,1,1,5
"97377206339",3,1003,7,2,1,3
"97383832026",3,556,8,2,5,2.5
"97391337282",2,985,8,1,5,8
"97392129053",4,296,8,3,5,5
"97425583602",2,572,9,1,1,8
"97721759632",4,973,8,3,5,3
"97847763629",3,121,3,2,2,7.5
"97877210800",4,237,4,3,3,1
"9798352835",4,247,8,3,5,5
"97986365985",2,892,9,1,1,3
"97996090557",4,315,4,3,3,6
"98078427324",3,605,9,2,1,6
"98097729241",2,503,8,1,5,9
"98099740365",3,232,8,2,5,2
"98239119385",2,923,8,1,5,8
"98501812840",4,407,1,3,5,4
"9863040486",4,1033,4,3,3,4
"9865460303",2,121,7,1,1,8
"98663697387",2,588,8,1,5,4
"98672635808",2,422,10,1,4,6
"9873791832",2,169,10,1,4,8
"98811812182",2,17,7,1,1,2
"98840635039",3,333,8,2,5,3
"98893415303",3,869,1,2,5,9
"98962847102",3,1013,8,2,5,3.5
"99057963380",3,1035,8,2,5,8.5
"99214079374",2,638,2,1,4,3
"9925321613",3,1015,9,2,1,8
"99313571029",4,806,9,3,1,5
"99350643022",4,593,7,3,1,2
"9936302656",3,504,7,2,1,6
"99374877050",3,16,1,2,5,4
"99384468553",4,1046,1,3,5,2
"99513413791",4,893,7,3,1,4
"99570899886",4,469,8,3,5,4
"99664295027",2,963,8,1,5,10
"99729167766",2,664,1,1,5,4
"9973480327",3,745,1,2,5,7.5
"9973649465",3,321,8,2,5,2.5
"9981379716",3,1005,9,2,1,4.5
"99828796995",4,851,3,3,2,6
"99934049561",3,569,7,2,1,3.5
